id,pregunta
[0],"Convolution2D input_shape(None,58,1) , why get error?"
[1],PLS-00103: Encountered the symbol “UPDATE”
[2],Why jupyter-lab is not recognized as an internal or external command
[3],UML: Analysis-level class diagram. Should the detail entity be represented in this diagram
[4],How to make an array of Objects into an Array of String
[5],trying to break apart a string in rust
[6],How to Install Azure Artifacts Packages dependencies in Vs Code?
[7],Using Git Bash under WSL
[8],How do I fix the responsive css for iframes
[9],Comparing characters in a pointer and char arrays in C++
[10],Regarding labelling Image
[11],Sort x-axis in a seaborn scatter plot
[12],When creating a RAR file through CMD am getting “Access is denied”
[13],How to get access computer's calculator for a java project
[14],React Native Android Environment Issue: Failed to install app
[15],JavaScript events which are good to program which are not so good to program?
[16],Google Sheets REGEXEXTRACT numeric value from string with double quotes
[17],How I can have transform animation in SwiftUI?
[18],How to concat one to many attributes with foreign key link
[19],Python - how to split a file object up into a list of individual characters?
[20],"How can I define a function to accept all the types which extend a common base type (Scala, specific code below)?"
[21],Django-crontab is not working on in linux ec2 instance
[22],Cannot read csv files uploaded using pandas in Djnago
[23],subtract minutes from a datetime using jQuery [duplicate]
[24],SwiftUI Determined ProgressView (iOS14)
[25],html js to refresh option every seconds using setInterval
[26],Rectangle won't show up on top of bufferred image
[27],How to resolve process.env.PORT conflict on Heroku when API required the same port?
[28],Why am I getting the second digit only here?
[29],Building python bindings - linking of rule failed
[30],Nginx: Point Sub Domain to Main Domain but keep the URL
[31],function does not return embed discord.py
[32],remote audio stop playing on its own in iOS(13.7) safari
[33],Not generating a PDF documents using CutePDF writer in windows service application C#
[34],How do I use another field from the same index in a Grafana Metric Script?
[35],Autocomplete ComboBox for dependent list with INDIRECT and SUBSTITUTE
[36],print a linked list reversed in C and recursion
[37],Spring security - remember me can not save cookie when closed browser
[38],AttributeError: 'NoneType' object has no attribute 'Worksheets' in python win32com.client
[39],ActionController::ParameterMissing (param is missing or the value is empty: properties):
[40],Video is not playing with Blob URL
[41],Preventing PopupMenuItem from covering PopupMenuButton [flutter]
[42],I am having difficulty using the messagebox function in python tkinter
[43],Possible to hide overloaded operator in class/struct from Visual Studio's member/function list without making it inaccessible. [C++]
[44],Grouping rows aggregate and function in r
[45],VBA Move to new worksheet is S-L-O-W
[46],"React JS Material UI, Date time pickers not not changing date when a complex object is assigned"
[47],Question on animation CSS synchronisation with code by binding in vue.js
[48],ComboBox empty even after adding elements
[49],c++ copy constructor getting called accidentally
